timeStamp,elapsed,label,responseCode,responseMessage,threadName,dataType,success,failureMessage,bytes,sentBytes,grpThreads,allThreads,URL,Latency,IdleTime,Connect
1664438387375,963,FileUpload,200,OK,FileUploadTest 1-1,text,true,,3907,534755,20,20,http://practice.cybertekschool.com/upload,963,0,163
1664438387429,934,FileUpload,200,OK,FileUploadTest 1-2,text,true,,3907,534749,19,19,http://practice.cybertekschool.com/upload,934,0,123
1664438387490,926,FileUpload,200,OK,FileUploadTest 1-3,text,true,,3907,534752,18,18,http://practice.cybertekschool.com/upload,926,0,125
1664438387526,1000,FileUpload,200,OK,FileUploadTest 1-4,text,true,,3907,534758,17,17,http://practice.cybertekschool.com/upload,1000,0,128
1664438387575,991,FileUpload,200,OK,FileUploadTest 1-5,text,true,,3907,534737,16,16,http://practice.cybertekschool.com/upload,990,0,124
1664438387624,964,FileUpload,200,OK,FileUploadTest 1-6,text,true,,3907,534737,15,15,http://practice.cybertekschool.com/upload,964,0,119
1664438387675,970,FileUpload,200,OK,FileUploadTest 1-7,text,true,,3907,534749,14,14,http://practice.cybertekschool.com/upload,970,0,130
1664438387725,948,FileUpload,200,OK,FileUploadTest 1-8,text,true,,3907,534755,13,13,http://practice.cybertekschool.com/upload,948,0,141
1664438387775,1002,FileUpload,200,OK,FileUploadTest 1-9,text,true,,3907,534734,12,12,http://practice.cybertekschool.com/upload,1002,0,132
1664438387826,1023,FileUpload,200,OK,FileUploadTest 1-10,text,true,,3907,534737,11,11,http://practice.cybertekschool.com/upload,1023,0,162
1664438388025,1000,FileUpload,200,OK,FileUploadTest 1-14,text,true,,3907,534737,10,10,http://practice.cybertekschool.com/upload,1000,0,122
1664438387976,1113,FileUpload,200,OK,FileUploadTest 1-13,text,true,,3907,534749,9,9,http://practice.cybertekschool.com/upload,1113,0,152
1664438387926,1163,FileUpload,200,OK,FileUploadTest 1-12,text,true,,3907,534752,9,9,http://practice.cybertekschool.com/upload,1163,0,118
1664438388076,1016,FileUpload,200,OK,FileUploadTest 1-15,text,true,,3907,534749,7,7,http://practice.cybertekschool.com/upload,1016,0,130
1664438388125,989,FileUpload,200,OK,FileUploadTest 1-16,text,true,,3907,534734,6,6,http://practice.cybertekschool.com/upload,989,0,126
1664438388177,1017,FileUpload,200,OK,FileUploadTest 1-17,text,true,,3907,534755,5,5,http://practice.cybertekschool.com/upload,1017,0,161
1664438388226,991,FileUpload,200,OK,FileUploadTest 1-18,text,true,,3907,534752,4,4,http://practice.cybertekschool.com/upload,991,0,137
1664438388276,969,FileUpload,200,OK,FileUploadTest 1-19,text,true,,3907,534731,3,3,http://practice.cybertekschool.com/upload,969,0,131
1664438388325,974,FileUpload,200,OK,FileUploadTest 1-20,text,true,,3907,534731,2,2,http://practice.cybertekschool.com/upload,974,0,121
1664438387876,1943,FileUpload,200,OK,FileUploadTest 1-11,text,false,"The operation lasted too long: It took 1,943 milliseconds, but should not have lasted longer than 1,200 milliseconds.",3907,534752,1,1,http://practice.cybertekschool.com/upload,1943,0,130
1664438450637,983,FileUpload,200,OK,FileUploadTest 1-2,text,true,,3907,534761,20,20,http://practice.cybertekschool.com/upload,983,0,120
1664438450576,1052,FileUpload,200,OK,FileUploadTest 1-1,text,true,,3907,534755,19,19,http://practice.cybertekschool.com/upload,1052,0,181
1664438450684,1004,FileUpload,200,OK,FileUploadTest 1-3,text,true,,3907,534749,18,18,http://practice.cybertekschool.com/upload,1004,0,130
1664438450728,1058,FileUpload,200,OK,FileUploadTest 1-4,text,true,,3907,534749,17,17,http://practice.cybertekschool.com/upload,1056,0,126
1664438450777,1021,FileUpload,200,OK,FileUploadTest 1-5,text,true,,3907,534746,16,16,http://practice.cybertekschool.com/upload,1021,0,129
1664438450827,1077,FileUpload,200,OK,FileUploadTest 1-6,text,true,,3907,534749,15,15,http://practice.cybertekschool.com/upload,1077,0,123
1664438450877,1044,FileUpload,200,OK,FileUploadTest 1-7,text,true,,3907,534758,14,14,http://practice.cybertekschool.com/upload,1043,0,126
1664438450977,1057,FileUpload,200,OK,FileUploadTest 1-9,text,true,,3907,534740,13,13,http://practice.cybertekschool.com/upload,1057,0,130
1664438451027,1073,FileUpload,200,OK,FileUploadTest 1-10,text,true,,3907,534740,12,12,http://practice.cybertekschool.com/upload,1073,0,139
1664438450927,1181,FileUpload,200,OK,FileUploadTest 1-8,text,true,,3907,534761,11,11,http://practice.cybertekschool.com/upload,1181,0,125
1664438451078,1072,FileUpload,200,OK,FileUploadTest 1-11,text,true,,3907,534758,10,10,http://practice.cybertekschool.com/upload,1072,0,147
1664438451177,1071,FileUpload,200,OK,FileUploadTest 1-13,text,true,,3907,534731,9,9,http://practice.cybertekschool.com/upload,1071,0,148
1664438451277,971,FileUpload,200,OK,FileUploadTest 1-15,text,true,,3907,534746,9,9,http://practice.cybertekschool.com/upload,971,0,127
1664438451227,1038,FileUpload,200,OK,FileUploadTest 1-14,text,true,,3907,534734,7,7,http://practice.cybertekschool.com/upload,1038,0,177
1664438451127,1217,FileUpload,200,OK,FileUploadTest 1-12,text,false,"The operation lasted too long: It took 1,217 milliseconds, but should not have lasted longer than 1,200 milliseconds.",3907,534737,6,6,http://practice.cybertekschool.com/upload,1209,0,154
1664438451427,1035,FileUpload,200,OK,FileUploadTest 1-18,text,true,,3907,534746,5,5,http://practice.cybertekschool.com/upload,1035,0,146
1664438451476,1000,FileUpload,200,OK,FileUploadTest 1-19,text,true,,3907,534743,4,4,http://practice.cybertekschool.com/upload,1000,0,142
1664438451526,1049,FileUpload,200,OK,FileUploadTest 1-20,text,true,,3907,534758,3,3,http://practice.cybertekschool.com/upload,1048,0,161
1664438451327,1526,FileUpload,200,OK,FileUploadTest 1-16,text,false,"The operation lasted too long: It took 1,526 milliseconds, but should not have lasted longer than 1,200 milliseconds.",3907,534740,2,2,http://practice.cybertekschool.com/upload,1526,0,166
1664438451377,1502,FileUpload,200,OK,FileUploadTest 1-17,text,false,"The operation lasted too long: It took 1,502 milliseconds, but should not have lasted longer than 1,200 milliseconds.",3907,534737,1,1,http://practice.cybertekschool.com/upload,1502,0,132
1664438633517,986,FileUpload,200,OK,FileUploadTest 1-2,text,true,,3907,534731,20,20,http://practice.cybertekschool.com/upload,986,0,125
1664438633564,998,FileUpload,200,OK,FileUploadTest 1-3,text,true,,3907,534740,19,19,http://practice.cybertekschool.com/upload,998,0,172
1664438633610,977,FileUpload,200,OK,FileUploadTest 1-4,text,true,,3907,534749,18,18,http://practice.cybertekschool.com/upload,977,0,127
1664438633656,988,FileUpload,200,OK,FileUploadTest 1-5,text,true,,3907,534749,17,17,http://practice.cybertekschool.com/upload,988,0,124
1664438633706,980,FileUpload,200,OK,FileUploadTest 1-6,text,true,,3907,534755,16,16,http://practice.cybertekschool.com/upload,980,0,128
1664438633455,1260,FileUpload,200,OK,FileUploadTest 1-1,text,false,"The operation lasted too long: It took 1,260 milliseconds, but should not have lasted longer than 1,200 milliseconds.",3907,534749,15,15,http://practice.cybertekschool.com/upload,1260,0,165
1664438633756,1020,FileUpload,200,OK,FileUploadTest 1-7,text,true,,3907,534761,14,14,http://practice.cybertekschool.com/upload,1020,0,126
1664438633807,984,FileUpload,200,OK,FileUploadTest 1-8,text,true,,3907,534746,13,13,http://practice.cybertekschool.com/upload,984,0,122
1664438633857,1011,FileUpload,200,OK,FileUploadTest 1-9,text,true,,3907,534758,12,12,http://practice.cybertekschool.com/upload,1010,0,126
1664438633905,1010,FileUpload,200,OK,FileUploadTest 1-10,text,true,,3907,534740,11,11,http://practice.cybertekschool.com/upload,1010,0,134
1664438633957,1012,FileUpload,200,OK,FileUploadTest 1-11,text,true,,3907,534734,10,10,http://practice.cybertekschool.com/upload,1012,0,129
1664438634006,1044,FileUpload,200,OK,FileUploadTest 1-12,text,true,,3907,534746,9,9,http://practice.cybertekschool.com/upload,1044,0,136
1664438634158,1014,FileUpload,200,OK,FileUploadTest 1-15,text,true,,3907,534734,8,8,http://practice.cybertekschool.com/upload,1014,0,136
1664438634056,1128,FileUpload,200,OK,FileUploadTest 1-13,text,true,,3907,534761,7,7,http://practice.cybertekschool.com/upload,1128,0,128
1664438634257,1006,FileUpload,200,OK,FileUploadTest 1-17,text,true,,3907,534731,6,6,http://practice.cybertekschool.com/upload,1005,0,140
1664438634304,1011,FileUpload,200,OK,FileUploadTest 1-18,text,true,,3907,534740,5,5,http://practice.cybertekschool.com/upload,1011,0,155
1664438634206,1109,FileUpload,200,OK,FileUploadTest 1-16,text,true,,3907,534755,5,5,http://practice.cybertekschool.com/upload,1109,0,126
1664438634106,1209,FileUpload,200,OK,FileUploadTest 1-14,text,false,"The operation lasted too long: It took 1,209 milliseconds, but should not have lasted longer than 1,200 milliseconds.",3907,534737,5,5,http://practice.cybertekschool.com/upload,1209,0,123
1664438634356,1006,FileUpload,200,OK,FileUploadTest 1-19,text,true,,3907,534749,2,2,http://practice.cybertekschool.com/upload,1006,0,148
1664438634405,1038,FileUpload,200,OK,FileUploadTest 1-20,text,true,,3907,534758,1,1,http://practice.cybertekschool.com/upload,1038,0,156
1664438710441,971,FileUpload,200,OK,FileUploadTest 1-2,text,true,,3907,534734,20,20,http://practice.cybertekschool.com/upload,971,0,131
1664438710492,939,FileUpload,200,OK,FileUploadTest 1-3,text,true,,3907,534752,19,19,http://practice.cybertekschool.com/upload,939,0,131
1664438710391,1126,FileUpload,200,OK,FileUploadTest 1-1,text,true,,3907,534758,18,18,http://practice.cybertekschool.com/upload,1126,0,166
1664438710592,966,FileUpload,200,OK,FileUploadTest 1-5,text,true,,3907,534743,17,17,http://practice.cybertekschool.com/upload,961,0,127
1664438710642,1015,FileUpload,200,OK,FileUploadTest 1-6,text,true,,3907,534749,16,16,http://practice.cybertekschool.com/upload,1015,0,125
1664438710542,1213,FileUpload,200,OK,FileUploadTest 1-4,text,false,"The operation lasted too long: It took 1,213 milliseconds, but should not have lasted longer than 1,200 milliseconds.",3907,534755,15,15,http://practice.cybertekschool.com/upload,1213,0,125
1664438710742,1073,FileUpload,200,OK,FileUploadTest 1-8,text,true,,3907,534755,14,14,http://practice.cybertekschool.com/upload,1073,0,129
1664438710791,1078,FileUpload,200,OK,FileUploadTest 1-9,text,true,,3907,534746,13,13,http://practice.cybertekschool.com/upload,1078,0,145
1664438710691,1178,FileUpload,200,OK,FileUploadTest 1-7,text,true,,3907,534755,13,13,http://practice.cybertekschool.com/upload,1178,0,123
1664438710842,1074,FileUpload,200,OK,FileUploadTest 1-10,text,true,,3907,534746,11,11,http://practice.cybertekschool.com/upload,1074,0,126
1664438710891,1137,FileUpload,200,OK,FileUploadTest 1-11,text,true,,3907,534758,10,10,http://practice.cybertekschool.com/upload,1137,0,125
1664438710941,1118,FileUpload,200,OK,FileUploadTest 1-12,text,true,,3907,534761,9,9,http://practice.cybertekschool.com/upload,1114,0,123
1664438710991,1294,FileUpload,200,OK,FileUploadTest 1-13,text,false,"The operation lasted too long: It took 1,294 milliseconds, but should not have lasted longer than 1,200 milliseconds.",3907,534755,8,8,http://practice.cybertekschool.com/upload,1294,0,129
1664438711042,1300,FileUpload,200,OK,FileUploadTest 1-14,text,false,"The operation lasted too long: It took 1,300 milliseconds, but should not have lasted longer than 1,200 milliseconds.",3907,534743,7,7,http://practice.cybertekschool.com/upload,1300,0,130
1664438711090,1328,FileUpload,200,OK,FileUploadTest 1-15,text,false,"The operation lasted too long: It took 1,328 milliseconds, but should not have lasted longer than 1,200 milliseconds.",3907,534743,6,6,http://practice.cybertekschool.com/upload,1323,0,153
1664438711141,1321,FileUpload,200,OK,FileUploadTest 1-16,text,false,"The operation lasted too long: It took 1,321 milliseconds, but should not have lasted longer than 1,200 milliseconds.",3907,534737,5,5,http://practice.cybertekschool.com/upload,1320,0,158
1664438711193,1334,FileUpload,200,OK,FileUploadTest 1-17,text,false,"The operation lasted too long: It took 1,334 milliseconds, but should not have lasted longer than 1,200 milliseconds.",3907,534734,4,4,http://practice.cybertekschool.com/upload,1334,0,146
1664438711240,1308,FileUpload,200,OK,FileUploadTest 1-18,text,false,"The operation lasted too long: It took 1,308 milliseconds, but should not have lasted longer than 1,200 milliseconds.",3907,534740,3,3,http://practice.cybertekschool.com/upload,1307,0,138
1664438711290,1275,FileUpload,200,OK,FileUploadTest 1-19,text,false,"The operation lasted too long: It took 1,275 milliseconds, but should not have lasted longer than 1,200 milliseconds.",3907,534761,2,2,http://practice.cybertekschool.com/upload,1275,0,131
1664438711340,1276,FileUpload,200,OK,FileUploadTest 1-20,text,false,"The operation lasted too long: It took 1,276 milliseconds, but should not have lasted longer than 1,200 milliseconds.",3907,534749,1,1,http://practice.cybertekschool.com/upload,1276,0,160
1664438785481,1110,FileUpload,200,OK,FileUploadTest 1-1,text,true,,3907,534743,20,20,http://practice.cybertekschool.com/upload,1110,0,161
1664438785581,1060,FileUpload,200,OK,FileUploadTest 1-3,text,true,,3907,534752,19,19,http://practice.cybertekschool.com/upload,1060,0,126
1664438785535,1188,FileUpload,200,OK,FileUploadTest 1-2,text,true,,3907,534749,18,18,http://practice.cybertekschool.com/upload,1188,0,124
1664438785632,1091,FileUpload,200,OK,FileUploadTest 1-4,text,true,,3907,534737,18,18,http://practice.cybertekschool.com/upload,1091,0,128
1664438785733,1115,FileUpload,200,OK,FileUploadTest 1-6,text,true,,3907,534737,16,16,http://practice.cybertekschool.com/upload,1115,0,126
1664438785782,1113,FileUpload,200,OK,FileUploadTest 1-7,text,true,,3907,534746,15,15,http://practice.cybertekschool.com/upload,1113,0,124
1664438785831,1105,FileUpload,200,OK,FileUploadTest 1-8,text,true,,3907,534740,14,14,http://practice.cybertekschool.com/upload,1104,0,125
1664438785881,1110,FileUpload,200,OK,FileUploadTest 1-9,text,true,,3907,534737,13,13,http://practice.cybertekschool.com/upload,1110,0,133
1664438785931,1117,FileUpload,200,OK,FileUploadTest 1-10,text,true,,3907,534746,12,12,http://practice.cybertekschool.com/upload,1117,0,122
1664438785982,1123,FileUpload,200,OK,FileUploadTest 1-11,text,true,,3907,534737,11,11,http://practice.cybertekschool.com/upload,1123,0,129
1664438786032,1148,FileUpload,200,OK,FileUploadTest 1-12,text,true,,3907,534743,10,10,http://practice.cybertekschool.com/upload,1148,0,164
1664438786081,1107,FileUpload,200,OK,FileUploadTest 1-13,text,true,,3907,534734,9,9,http://practice.cybertekschool.com/upload,1106,0,127
1664438786181,1108,FileUpload,200,OK,FileUploadTest 1-15,text,true,,3907,534734,8,8,http://practice.cybertekschool.com/upload,1108,0,137
1664438786380,1066,FileUpload,200,OK,FileUploadTest 1-19,text,true,,3907,534743,7,7,http://practice.cybertekschool.com/upload,1064,0,185
1664438786282,1164,FileUpload,200,OK,FileUploadTest 1-17,text,true,,3907,534743,7,7,http://practice.cybertekschool.com/upload,1164,0,225
1664438786131,1315,FileUpload,200,OK,FileUploadTest 1-14,text,false,"The operation lasted too long: It took 1,315 milliseconds, but should not have lasted longer than 1,200 milliseconds.",3907,534737,7,7,http://practice.cybertekschool.com/upload,1315,0,127
1664438786331,1122,FileUpload,200,OK,FileUploadTest 1-18,text,true,,3907,534731,4,4,http://practice.cybertekschool.com/upload,1122,0,196
1664438786231,1222,FileUpload,200,OK,FileUploadTest 1-16,text,false,"The operation lasted too long: It took 1,222 milliseconds, but should not have lasted longer than 1,200 milliseconds.",3907,534761,4,4,http://practice.cybertekschool.com/upload,1221,0,273
1664438786431,1022,FileUpload,200,OK,FileUploadTest 1-20,text,true,,3907,534731,4,4,http://practice.cybertekschool.com/upload,1022,0,161
1664438785682,1941,FileUpload,200,OK,FileUploadTest 1-5,text,false,"The operation lasted too long: It took 1,941 milliseconds, but should not have lasted longer than 1,200 milliseconds.",3907,534734,1,1,http://practice.cybertekschool.com/upload,1941,0,124
